Aaron Eckhart,Aaron Eckhart,3 718
Abbé Pierre,Abbé Pierre,12 409
Abdel Fattas al-Sissi,NULL,NULL
Abdelaziz Bouteflika,Abdelaziz Bouteflika,18 135
Abebe Bikila,Abebe Bikila,659
Abraham Lincoln,Abraham Lincoln,29 229
Achille Zavatta,Achille Zavatta,2 380
Adama Traoré,Affaire Adama Traoré,11 389
Adb Al Malik,Omeyyades de Cordoue,729
Adele,Adele,12 849
Adolf Hitler,Adolf Hitler,92 896
Adriana Karembeu,Adriana Karembeu,57 267
Agatha Christie,Agatha Christie,20 688
Agnès Jaoui,Agnès Jaoui,22 058
Agnès Varda,Agnès Varda,12 241
Ahmed Chah Massoud,Ahmed Chah Massoud,7 010
Akhenaton,Akhenaton,7 621
Akon,Akon,9 506
Al Capone,Al Capone,25 821
Al Gore,Al Gore,4 194
Alain Bashung,Alain Bashung,13 431
Alain Bernard,Alain Bernard,6 532
Alain Chabat,Alain Chabat,51 631
Alain Chamfort,Alain Chamfort,29 682
Alain Colas,Alain Colas,7 713
Alain Delon,Alain Delon,69 313
Alain Juppé,Alain Juppé,9 684
Alain Prost,Alain Prost,13 044
Alain Resnais,Alain Resnais,4 790
Alain Souchon,Alain Souchon,30 609
Alain-Fournier,Alain-Fournier,3 543
Alassane Ouattara,Alassane Ouattara,10 111
Albert Camus,Albert Camus,65 857
Albert Einstein,Albert Einstein,84 649
Albert Fert,Albert Fert,691
Albert Schweitzer,Albert Schweitzer,12 468
Albert Uderzo,Albert Uderzo,5 347
Alberto Giacometti,Alberto Giacometti,13 499
Alec Baldwin,Alec Baldwin,13 043
Alejandro Gonzalez Iñárritu,Alejandro González Iñárritu,3 864
Alessandra Ambrosio,Alessandra Ambrosio,4 345
Alessandro Volta,Alessandro Volta,6 703
Alex Beaupain,Alex Beaupain,2 145
Alex Métayer,Alex Métayer,1 515
Alexa Chung,Alexa Chung,2 905
Alexander Fleming,Alexander Fleming,5 794
Alexander Graham Bell,Alexander Graham Bell,11 183
Alexandra David-Néel,Alexandra David-Néel,6 559
Alexandra Lamy,Alexandra Lamy,23 291
Alexandre Astier,Alexandre Astier,38 643
Alexandre Dumas,Alexandre Dumas,26 650
Alexandre le Grand,Alexandre le Grand,36 813
Alexandre Loukachenko,Alexandre Loukachenko,1 748
Alfred De Musset,Alfred de Musset,25 113
Alfred Dreyfus,Alfred Dreyfus,13 049
Alfred Hitchcock,Alfred Hitchcock,18 765
Alfred Nobel,Alfred Nobel,5 498
Ali Baddou,Ali Baddou,11 826
Alicia Keys,Alicia Keys,14 244
Alienor D’Aquitaine,Aliénor d'Aquitaine,19 806
Alizée,Alizée,18 876
Alpha Blondy,Alpha Blondy,8 901
Alphonse Allais,Alphonse Allais,3 510
Alphonse Daudet,Alphonse Daudet,9 137
Amal Clooney,Amal Clooney,18 884
Amanda Lear,Amanda Lear,41 781
Amedy Coulibaly,Amedy Coulibaly,4 876
Amélie Mauresmo,Amélie Mauresmo,111 075
Amelie Nothomb,Amélie Nothomb,14 381
Amel Bent,Amel Bent,31 914
Amerigo Vespucci,Amerigo Vespucci,11 189
Amin Dada,Idi Amin Dada,11 425
Amy Adams,Amy Adams,9 628
Amy Winehouse,Amy Winehouse,29 465
Anaïs,Anaïs,2 135
Anastacia,Anastacia,4 470
Andre Agassi,Andre Agassi,48 068
André Breton,André Breton,12 972
André Chénier,André Chénier,3 208
André Citroen,André Citroën,3 943
André Franquin,André Franquin,4 093
André Gide,André Gide,18 911
André Malraux,André Malraux,17 229
André Manoukian,André Manoukian,10 605
André Marie Ampère,André-Marie Ampère,4 630
André Michelin,André Michelin,668
André-Marie Ampère,André-Marie Ampère,4 630
Andrea Bocceli,Andrea Bocelli,9 903
Andrei Dmitrievich Sakharov,Prix Nobel de la paix,12 718
Andy Garcia,Andy García,6 608
Andy Goldworthy,NULL,NULL
Andy Murray,Andy Murray,48 187
Andy Roddick,Andy Roddick,12 951
Andy Warhol,Andy Warhol,23 162
Anémone,Anémone (actrice),8 459
Angela Merkel,Angela Merkel,28 404
Angelina Jolie,Angelina Jolie,54 933
Anggun,Anggun,12 871
Angus Young,Angus Young,18 326
Anna Gavalda,Anna Gavalda,5 282
Anna Kournikova,Anna Kournikova,14 211
Anne de Bretagne,Anne de Bretagne,12 546
Anne Frank,Anne Frank,28 642
Anne Hialgo,NULL,NULL
Anne Roumanoff,Anne Roumanoff,7 956
Anne Sinclair,Anne Sinclair,8 666
Anne-Sophie Lapix,Anne-Sophie Lapix,29 593
Annie Cordy,Annie Cordy,42 337
Annie Girardot,Annie Girardot,8 693
Anouar Brahem,Anouar Brahem,617
Anouar el-Sadate,Anouar el-Sadate,8 278
Anouk Aimée,Anouk Aimée,4 619
Anthony Hopkins,Anthony Hopkins,22 604
Anthony Kavanagh,Anthony Kavanagh,3 247
Antoine de Caunes,Antoine de Caunes,13 094
Antoine de Saint-Exupéry,Antoine de Saint-Exupéry,30 049
Antoine Lavoisier,Antoine Lavoisier,14 587
Antoine Lumière,Antoine Lumière,538
Antoine Parmentier,Antoine Parmentier,3 919
Antoni Gaudi,Antoni Gaudí,18 729
Antonio Banderas,Antonio Banderas,19 047
Antonio Stradivarius,Antonio Stradivari,1 949
Antonio Vivaldi,Antonio Vivaldi,12 007
Archimède,Archimède,10 531
Aretha Franklin,Aretha Franklin,8 930
Ariel Sharon,Ariel Sharon,6 786
Arielle Dombasle,Arielle Dombasle,40 720
Aristide Briand,Aristide Briand,8 316
Aristote,Aristote,34 055
Aristote Onassis,Aristote Onassis,23 136
Arlette Chabot,Arlette Chabot,1 696
Arlette Grüss,Arlette Gruss,556
Arlette Laguiller,Arlette Laguiller,2 798
Arletti,Turnera diffusa,1 343
Armand Amar,Armand Amar,1 496
Armande Altaï,Armande Altaï,1 301
Arnold Schwarzenegger,Arnold Schwarzenegger,48 340
Art Garfunkel,Art Garfunkel,7 492
Art Spiegelman,Art Spiegelman,3 234
Arthur Conan Doyle (Sir),Arthur Conan Doyle,12 617
Arthur Miller,Arthur Miller,4 143
Arthur Rimbaud,Arthur Rimbaud,72 048
Arturo Brachetti,Arturo Brachetti,1 468
Ashanti,Ashantis,1 899
Ashton Kutcher,Ashton Kutcher,20 004
Audrey Hepburn,Audrey Hepburn,29 268
Auguste Bartholdi,Auguste Bartholdi,6 850
Auguste Escoffier,Auguste Escoffier,3 409
Auguste Rodin,Auguste Rodin,14 719
Augustin Legrand,Augustin Legrand,990
Augusto Pinochet,Augusto Pinochet,13 223
Aung San Suu Kyi,Aung San Suu Kyi,7 321
Aure Atika,Aure Atika,10 572
Ava Gardner,Ava Gardner,8 402
Avicenne,Avicenne,9 064
Avril Lavigne,Avril Lavigne,16 271
Axel Bauer,Axel Bauer,16 871
Axel Foley,Axel Foley,674
Axelle Red,Axelle Red,9 447
Ayo,Ayọ,2 577
Bachar el-Assad,Bachar el-Assad,11 883
Bachar Mar-Khalifé,Bachar Mar-Khalifé,1 791
Ban Ki-moon,Ban Ki-moon,3 303
Banksy,Banksy,23 651
Barack Obama,Barack Obama,42 348
Barbara,Barbara,21 325
Barry White,Barry White,7 675
Beate Klarsfeld,Beate Klarsfeld,2 100
Béatrice Dalle,Béatrice Dalle,13 835
Ben Affleck,Ben Affleck,25 633
Ben Harper,Ben Harper,7 622
Ben Kingsley,Ben Kingsley,4 746
Bénabar,Bénabar,20 487
Benazir Bhutto,Benazir Bhutto,3 323
Benicio Del Toro,Benicio del Toro,11 378
Benito Mussolini,Benito Mussolini,32 895
Benjamin Biolay,Benjamin Biolay,15 873
Benjamin Castaldi,Benjamin Castaldi,32 450
Benjamin Franklin,Benjamin Franklin,14 705
Benjamin Millepied,Benjamin Millepied,7 807
Benoît Magimel,Benoît Magimel,13 825
Benoit Podalydès,Denis Podalydès,14 953
Benoît Poelvoorde,Benoît Poelvoorde,18 008
Benoit XVI,Benoît XVI,16 851
Benynamin Netanyahou,NULL,NULL
Bérénice Bejo,Bérénice Bejo,14 474
Bernadette Chirac,Bernadette Chirac,48 796
Bernadette Lafont,Bernadette Lafont,74 173
Bernard Blier,Bernard Blier,12 699
Bernard Campan,Bernard Campan,4 568
Bernard Cazeneuve,Bernard Cazeneuve,6 886
Bernard Clavel,Bernard Clavel,2 593
Bernard Hinault,Bernard Hinault,8 993
Bernard Kouchner,Bernard Kouchner,11 757
Bernard Laporte,Bernard Laporte,6 915
Bernard Le Coq,Bernard Le Coq,4 742
Bernard Maris,Bernard Maris,2 284
Bernard Ménez,Bernard Ménez,3 111
Bernard Pivot,Bernard Pivot,12 794
Bernard Thibault,Bernard Thibault,1 707
Bernard Werber,Bernard Werber,10 289
Bernard-Henri Levy,Bernard-Henri Lévy,23 843
Berthe Morissot,Berthe Morisot,4 748
Bertrand Blier,Bertrand Blier,7 430
Bertrand Burgalat,Bertrand Burgalat,2 326
Bertrand cantat,Bertrand Cantat,72 051
Bertrand Delanoë,Bertrand Delanoë,6 058
Beth Ditto,Beth Ditto,3 118
Betty Friedan,Betty Friedan,396
Bill Clinton,Bill Clinton,26 076
Bill Cosby,Bill Cosby,6 179
Bill Gates,Bill Gates,30 037
Bill Murray,Bill Murray,10 850
Billie Holliday,Billie Holiday,6 930
Billy Crawford,Billy Crawford,6 162
Billy Joel,Billy Joel,3 559
Björk,Björk,14 651
Björn Borg,Björn Borg,37 592
Bob Dylan,Bob Dylan,25 815
Bob Marley,Bob Marley,55 683
Boby Lapointe,Boby Lapointe,7 372
Bono,Bono,8 314
Boris Becker,Boris Becker,19 534
Boris Eltsine,Boris Eltsine,8 523
Boris Vian,Boris Vian,25 542
Bourvil,Bourvil,38 931
Boutros Boutros-Ghali,Boutros Boutros-Ghali,2 576
Brad Pitt,Brad Pitt,44 983
Bradley Cooper,Bradley Cooper,26 751
Brian Johson,Ice Cube,22 945
Brigitte Bardot,Brigitte Bardot,38 446
Brigitte Fontaine,Brigitte Fontaine,7 687
Brigitte Lahaie,Brigitte Lahaie,16 173
Brigitte Macron,Brigitte Macron,97 760
Britney Spears,Britney Spears,30 305
Bruce Lee,Bruce Lee,36 217
Bruno Cremer,Bruno Cremer,4 572
Bruno Masure,Bruno Masure,3 244
Bruno Mégret,Bruno Mégret,3 938
Bruno Salomone,Bruno Salomone,6 898
Bruno Solo,Bruno Solo,23 013
Brutus,Brutus,568
Bryan Adams,Bryan Adams,6 886
Bryan Cranston,Bryan Cranston,13 287
Buffalo Bill,Buffalo Bill,5 500
Butch Cassidy,Butch Cassidy,2 061
Cabu,Cabu,12 095
Calamity Jane,Calamity Jane,7 022
Cali,Cali,3 998
Calogero,Calogero,65 120
Calvin Klein,Calvin Klein,4 839
Camélia Jordana,Camélia Jordana,13 835
Cameron Diaz,Cameron Diaz,18 420
Camila Alves,Camila Pitanga,528
Camille,Camille,1 427
Camille Claudel,Camille Claudel,15 945
Carl Lewis,Carl Lewis,5 093
Carla Bruni-Sarkozy,Carla Bruni-Sarkozy,18 362
Carlos,Carlos,803
Carmen Maura,Carmen Maura,1 433
Carole Bouquet,Carole Bouquet,15 531
Casey Affleck,Casey Affleck,7 175
Cat Stevens,Cat Stevens,10 133
Cate Blanchett,Cate Blanchett,31 473
Catherine de Medicis,Catherine de Médicis,36 102
Catherine Deneuve,Catherine Deneuve,24 643
Catherine Frot,Catherine Frot,13 136
Catherine Lara,Catherine Lara,4 865
Catherine Ringer,Catherine Ringer,21 505
Cauet,Sébastien Cauet,9 447
Cécile de France,Cécile de France,12 656
Cécilia Attias (ex Sarkozy),Cécilia Attias,6 322
Cecilia Bartoli,Cecilia Bartoli,1 387
Cédric Herrou,Cédric Herrou,3 506
Cédric Klapisch,Cédric Klapisch,12 654
Cédric Pioline,Cédric Pioline,10 012
Célestin Freinet,Célestin Freinet,3 067
Céline Dion,Céline Dion,39 463
Cesar,Cesar,480
César Franck,César Franck,2 193
Cesaria Evora,Cesária Évora,7 013
Chantal Goya,Chantal Goya,10 459
Chantal Lauby,Chantal Lauby,10 255
Charb,Charb,2 993
Charlélie Couture,Charlélie Couture,4 338
Charlemagne,Charlemagne,42 400
Charlène de Monaco,Charlene Wittstock,12 960
Charles Aznavour,Charles Aznavour,42 960
Charles Baudelaire,Charles Baudelaire,87 059
Charles Berling,Charles Berling,4 458
Charles Darwin,Charles Darwin,22 232
Charles de Gaulle,Charles de Gaulle,94 299
Charles Enderlin,Charles Enderlin,1 198
Charles Manson,Charles Manson,31 750
Charles Trenet,Charles Trenet,13 783
Charlie Chaplin,Charlie Chaplin,40 413
Charlotte Brontë,Charlotte Brontë,3 457
Charlotte Cordet,Corday,23
Charlotte de Turckheim,Charlotte de Turckheim,12 961
Charlotte Gainsbourg,Charlotte Gainsbourg,29 141
Charlotte Rampling,Charlotte Rampling,8 168
Cheb Mami,Cheb Mami,4 568
Cher,Cher,579
Chimère Badi,Histoire de l'Algérie,8 063
Chris Brown,Chris Brown,15 784
Chris Evert,Chris Evert,10 570
Chris Tucker,Chris Tucker,3 868
Christian Bale,Christian Bale,16 695
Christian Chesnot,Christian Chesnot,372
Christian Clavier,Christian Clavier,15 721
Christian de Portzamparc,Christian de Portzamparc,2 381
Christian Dior,Christian Dior,7 769
Christian Ranucci,Affaire Christian Ranucci,11 313
Christiana Karembeu,NULL,NULL
Christina Aguilera,Christina Aguilera,15 461
Christine Albanel,Christine Albanel,4 920
Christine Angot,Christine Angot,28 523
Christine Bravo,Christine Bravo,11 342
Christine Lagarde,Christine Lagarde,10 565
Christine Ockrent,Christine Ockrent,5 349
Christophe,Christophe,896
Christophe Colomb,Christophe Colomb,78 418
Christophe Dechavanne,Christophe Dechavanne,8 274
Christophe Dominici,Christophe Dominici,1 665
Christophe Lambert,Christophe Lambert,13 215
Christophe Maé,Christophe Maé,20 280
Christophe Miossec,Christophe Miossec,2 593
Chuck Noris,Chuck Norris,20 059
Cindy Crawford,Cindy Crawford,7 112
Claire Bretecher,Claire Bretécher,2 229
Claire Chazal,Claire Chazal,17 457
Claire Danes,Claire Danes,11 051
Clara Barton,Clara Barton,289
Clara Morgane,Clara Morgane,29 964
Clark Gable,Clark Gable,9 662
Claude Berri,Claude Berri,8 077
Claude Brasseur,Claude Brasseur,15 026
Claude Chabrol,Claude Chabrol,6 595
Claude Debussy,Claude Debussy,15 433
Claude Érignac,Claude Érignac,1 648
Claude François,Claude François,25 980
Claude Lelouch,Claude Lelouch,14 489
Claude Lévi-Strauss,Claude Lévi-Strauss,12 343
Claude Nougaro,Claude Nougaro,14 609
Claude Ponti,Claude Ponti,2 063
Claude Rich,Claude Rich,8 208
Claude Sarraute,Claude Sarraute,15 062
Claude Zidi,Claude Zidi,3 202
Claudia Carinale,NULL,NULL
Claudia Schiffer,Claudia Schiffer,6 683
Clémentine Célarié,Clémentine Célarié,5 367
Cléopâtre,Cléopâtre,4 141
Clint Eastwood,Clint Eastwood,35 105
Clotilde,Clotilde Courau,15 391
Clotilde Courau,Clotilde Courau,15 391
Clovis Cornillac,Clovis Cornillac,8 307
Clyde Barrow,Bonnie et Clyde,29 484
Cochise,Cochise,1 703
Coco Chanel,Coco Chanel,27 397
Colette,Colette,13 643
Colin Firth,Colin Firth,20 285
Coluche,Coluche,29 677
comte de Mirabeau,Honoré-Gabriel Riqueti de Mirabeau,7 847
Confucius,Confucius,14 175
Coolio,Coolio,3 272
Corneille,Corneille,1 709
Costa-Gavras,Costa-Gavras,8 079
Courtney Cox,Courteney Cox,25 759
Courtney Love,Courtney Love,10 854
Cristiano Ronaldo,Cristiano Ronaldo,593 805
Cristina Cordula,Cristina Córdula,24 637
Cyndi Lauper,Cyndi Lauper,6 113
Cyril Collard,Cyril Collard,2 874
Cyril Hanouna,Cyril Hanouna,55 058
Cyril Lignac,Cyril Lignac,34 340
Dalida,Dalida,43 548
Damien Hirst,Damien Hirst,2 226
Daniel Auteuil,Daniel Auteuil,12 937
Daniel Balavoine,Daniel Balavoine,48 855
Daniel Barenboim,Daniel Barenboim,3 009
Daniel Cohn-Bendit,Daniel Cohn-Bendit,16 926
Daniel Craig,Daniel Craig,16 203
Daniel Day-Lewis,Daniel Day-Lewis,10 445
Daniel Defoe,Daniel Defoe,3 361
Daniel Ortega,Daniel Ortega,8 105
Daniel Pennac,Daniel Pennac,17 609
Daniel Prévost,Daniel Prévost (acteur),11 591
Daniel Radcliffe,Daniel Radcliffe,24 918
Daniel Russo,Daniel Russo,5 085
Daniela Lumbroso,Daniela Lumbroso,3 033
Danièle Gilbert,Danièle Gilbert,7 340
Danielle Darrieux,Danielle Darrieux,5 136
Danielle Mitterand,Danielle Mitterrand,3 784
Danny Boon,Dany Boon,25 592
Danny Boyle,Danny Boyle,7 670
Danny de Vito,Danny DeVito,6 460
Dany Brillant,Dany Brillant,31 264
Daphné du Maurier,Daphne du Maurier,3 799
Darren Aronofsky,Darren Aronofsky,7 603
Dave,Dave,12 014
Dave Brubeck,Dave Brubeck,2 325
David Arquette,David Arquette,4 486
David Beckham,David Beckham,46 460
David Bowie,David Bowie,32 824
David Cameron,David Cameron,5 267
David Charvet,David Charvet,5 876
David Copperfield,David Copperfield,3 134
David Cronenberg,David Cronenberg,6 708
David Douillet,David Douillet,6 667
David Fisher,David Fisher,141
David Gemmel,David Gemmell,2 895
David Guetta,David Guetta,29 616
David Halliday,David Hallyday,24 152
David Pujadas,David Pujadas,5 978
David Vincent,David Vincent,92
Demi Moore,Demi Moore,14 478
Demis Roussos,Demis Roussos,10 103
Denis Maréchal,Denis Maréchal,818
Denis Podalydès,Denis Podalydès,14 953
Denis Villeneuve,Denis Villeneuve,10 430
Desmond Tutu,Desmond Tutu,2 720
Dev Patel,Dev Patel,4 972
Diam’s,Diam's,27 533
Diana Krall,Diana Krall,1 507
Diana Spencer,Diana Spencer,69 383
Diane Kruger,Diane Kruger,48 717
Dick Rivers,Dick Rivers,20 456
Dick Tracy,Dick Tracy,584
Didier Barbelivien,Didier Barbelivien,5 716
Didier Bourdon,Didier Bourdon,9 510
Didier Cauchy,Didier Cauchy,450
Didier Daeninckx,Didier Daeninckx,3 993
Didier Drogba,Didier Drogba,32 834
Diego Maradona,Diego Maradona,96 555
Dieudonné,Dieudonné,27 986
Dilma Roussef,Dilma Rousseff,4 022
Dino Buzzati,Dino Buzzati,3 354
Djamila Boupacha,Djamila Boupacha,1 140
Django Reinhardt,Django Reinhardt,16 121
Djibril Cissé,Djibril Cissé,27 593
Doc Gyneco,Doc Gynéco,21 428
Dodi Al-Fayed,Dodi Al-Fayed,7 982
Dolph Lundgren,Dolph Lundgren,27 241
Dominique Besnehard,Dominique Besnehard,4 110
Dominique Blanc,Dominique Blanc,3 016
Dominique de Villepin,Dominique de Villepin,9 927
Dominique Farrugia,Dominique Farrugia,15 217
Dominique Lavanat,NULL,NULL
Dominique Strauss-Kahn,Dominique Strauss-Kahn,18 430
Don Cheadle,Don Cheadle,3 733
Donald Trump,Donald Trump,125 082
Donna Summer,Donna Summer,6 200
Dora Maar,Dora Maar,6 564
Doris Lessing,Doris Lessing,1 475
Dorothe,Dorothée,527
Drew Barrymore,Drew Barrymore,14 308
Duke Ellington,Duke Ellington,4 247
Dustin Hoffman,Dustin Hoffman,22 828
Eddie Barclay,Eddie Barclay,5 404
Eddie Murphy,Eddie Murphy,25 596
Eddie Redmayne,Eddie Redmayne,11 310
Eddy Mitchell,Eddy Mitchell,131 643
Edgar Allan Poe,Edgar Allan Poe,15 003
Edgar Degas,Edgar Degas,7 488
Edith Cresson,Édith Cresson,6 236
Edith Piaf,Édith Piaf,35 350
Edith Wharton,Edith Wharton,1 356
Edouard Baer,Édouard Baer,16 330
Edouard Daladier,Édouard Daladier,5 675
Edouard Leclerc,Édouard Leclerc,3 172
Edouard Manet,Édouard Manet,9 903
Edouard Michelin,Édouard Michelin (1963-2006),970
Edouard Phillippe,Édouard Philippe,25 215
Edvard Munch,Edvard Munch,7 642
Edward Leclerc,Trouble de la personnalité borderline,36 349
Edward Norton,Edward Norton,12 451
Edward Snowden,Edward Snowden,19 378
Edwy Plenel,Edwy Plenel,6 457
Elie Chouraqui,Élie Chouraqui,3 113
Elie Kakou,Élie Kakou,24 841
Elie Wiesel,Elie Wiesel,3 745
Eliot Ness,Eliot Ness,5 754
Elisabeth I,Élisabeth Ire (reine d'Angleterre),32 915
Elisabeth II,Élisabeth II,255 402
Elisabeth Vigée le Brun,Élisabeth Vigée Le Brun,4 373
Elise Lucet,Élise Lucet,16 313
Ella Fitzgerald,Ella Fitzgerald,6 615
Ellen DeGeneres,Ellen DeGeneres,11 209
Ellen Page,Ellen Page,23 248
Elon Musk,Elon Musk,52 144
Elsa Triolet,Elsa Triolet,6 444
Elton John,Elton John,17 644
Elton John (Sir),Elton John,17 644
Elvis Presley,Elvis Presley,35 124
Emile Ajar,Romain Gary,34 933
Emile Hirsch,Emile Hirsch,4 696
Emile Louis,Émile Louis,15 821
Emile Zola,Émile Zola,58 966
Emily Brontë,Emily Brontë,4 166
Emily Loizeau,Emily Loizeau,1 186
Eminem,Eminem,51 730
Emir Kusturica,Emir Kusturica,6 410
Emma de Caunes,Emma de Caunes,8 745
Emmanuel Chain,Emmanuel Chain,3 550
Emmanuel Kant,Emmanuel Kant,20 677
Emmanuel Macron,Emmanuel Macron,155 714
Emmanuelle Béart,Emmanuelle Béart,14 491
EnjoyPhoenix,EnjoyPhoenix,8 897
Enki Bilal,Enki Bilal,3 968
Ennio Morricone,Ennio Morricone,12 777
Enrico Caruso,Enrico Caruso,3 048
Enrico Macias,Enrico Macias,15 315
Enrique Iglesias,Enrique Iglesias,19 555
Enrique Peña Nieto,Enrique Peña Nieto,4 203
Eric Bana,Eric Bana,5 163
Eric Cantona,Éric Cantona,34 350
Eric Clapton,Eric Clapton,14 289
Eric Satie,Erik Satie,10 201
Eric Tabarly,Éric Tabarly,77 926
Ernest Hemingway,Ernest Hemingway,18 688
Ernesto Che Guevara,Che Guevara,56 033
Eros Ramazzati,NULL,NULL
Estelle Lefébure,Estelle Lefébure,29 114
Ethan Cohen,Joel et Ethan Coen,15 348
Ethan Hawke,Ethan Hawke,9 983
Etienne Daho,Étienne Daho,12 658
Etienne Mougeotte,Étienne Mougeotte,1 569
Eugène Delacroix,Eugène Delacroix,20 387
Eva Braun,Eva Braun,10 039
Eva Green,Eva Green,30 856
Eva Longoria,Eva Longoria,56 847
Eva Mendes,Eva Mendes,13 012
Eva Perón,Eva Perón,9 647
Eve Angeli,Ève Angeli,17 843
Ewan McGregor,Ewan McGregor,19 787
Fabien Barthez,Fabien Barthez,99 319
Fabien Pelous,Fabien Pelous,2 303
Fabrice Luchini,Fabrice Luchini,23 423
Fairuz,Fairuz,4 370
Fanny Ardant,Fanny Ardant,8 093
Fanny Cotteçon,NULL,NULL
Federico Fellini,Federico Fellini,5 509
Félix Faure,Félix Faure,11 928
Ferdinand de Lesseps,Ferdinand de Lesseps,3 932
Ferdinand de Saussure,Ferdinand de Saussure,5 963
Ferdinand Foch,Ferdinand Foch,5 874
Fergie,Fergie (chanteuse),7 958
Fernand de Magellan,Fernand de Magellan,30 629
Fernand Reynaud,Fernand Raynaud,4 476
Fernandel,Fernandel,13 433
Fernando Alonso,Fernando Alonso,24 786
Fidel Castro,Fidel Castro,19 970
Florence Arthaud,Florence Arthaud,18 685
Florence Aubenas,Florence Aubenas,2 792
Florence Cassez,Affaire Florence Cassez,3 185
Florence Darel,Florence Darel,1 525
Florence Foresti,Florence Foresti,27 358
Florent Pagny,Florent Pagny,14 371
France Gall,France Gall,41 010
Frances McDormand,Frances McDormand,6 057
Francis Cabrel,Francis Cabrel,18 169
Francis Ford Coppola,Francis Ford Coppola,11 267
Francis Heaulmes,Francis Heaulme,8 828
Francis Huster,Francis Huster,7 488
Francis Joyon,Francis Joyon,315
Francis Lalanne,Francis Lalanne,12 689
Francis Ponge,Francis Ponge,10 736
Francisco Franco,Francisco Franco,32 079
Francisco Guterres,Francisco Guterres,263
Franck Alamo,Frank Alamo,3 788
Franck Dubosc,Franck Dubosc,15 717
Franck Ribéry,Franck Ribéry,58 485
Franck Sinatra,Frank Sinatra,14 765
François Bayrou,François Bayrou,6 157
François Berléand,François Berléand,9 537
François Cluzet,François Cluzet,14 774
François Corbier,François Corbier,2 924
François Damiens,François Damiens,32 994
François Duvalier,François Duvalier,3 818
François Ferdinand de Habsbourg,François-Ferdinand d'Autriche,8 241
François Fillon,François Fillon,12 801
François Hollande,François Hollande,32 959
François Mauriac,François Mauriac,13 491
François Mitterrand,François Mitterrand,42 907
François Molins,François Molins,7 110
François Morel,François Morel (acteur),4 821
François Ozon,François Ozon,5 689
François Truffaut,François Truffaut,14 946
François-Xavier Demaison,François-Xavier Demaison,17 843
Françoise Dolto,Françoise Dolto,62 510
Françoise Giroud,Françoise Giroud,4 613
Françoise Hardy,Françoise Hardy,14 275
Françoise Sagan,Françoise Sagan,9 494
Frank Alamo,Frank Alamo,3 788
Franz Kafka,Franz Kafka,15 325
Fred Chichin,Fred Chichin,7 682
Fred Courtaudons,NULL,NULL
Fred Vargas,Fred Vargas,17 356
Freddie Mercury,Freddie Mercury,54 033
Frédéric Beigbeder,Frédéric Beigbeder,15 711
Frédéric Chopin,Frédéric Chopin,21 476
Frédéric Dard,Frédéric Dard,4 775
Frédéric Michalak,Frédéric Michalak,11 184
Frederik de Klerk,Frederik de Klerk,2 560
Fredrich Nietzsche,Liste des œuvres de Frederick Delius,60
Frida Kahlo,Frida Kahlo,78 461
Fritz Lang,Fritz Lang,4 252
Fyodor Dostoïevski,Fiodor Dostoïevski,13 373
Gabriel Garcia Marquez,Gabriel García Márquez,6 912
Gad Elmaleh,Gad Elmaleh,32 084
Gaël Monfils,Gaël Monfils,67 329
Gaëtan Roussel,Gaëtan Roussel,10 268
Galilée,Galilée (savant),33 157
Gamal Abdel Nasser,Gamal Abdel Nasser,11 857
Gandhi,Mohandas Karamchand Gandhi,38 825
Garou,Garou,25 851
Gary Coleman,Gary Coleman,4 273
Gary Oldman,Gary Oldman,15 459
Gaspard Proust,Gaspard Proust,8 408
Gaston Lagaffe,Gaston Lagaffe,3 550
Gaston Leroux,Gaston Leroux,2 561
Gautier Capuçon,Gautier Capuçon,1 714
Geneviève Anthonioz de Gaulle,Geneviève de Gaulle-Anthonioz,3 601
Geneviève De Fontenay,Geneviève de Fontenay,6 754
Gengis Khan,Gengis Khan,18 831
Georg Cantor,Georg Cantor,1 486
Georg Ohm,Georg Ohm,1 463
George Clooney,George Clooney,30 168
George Foreman,George Foreman,3 723
George Lucas,George Lucas,13 908
George R.R. Martin,George R. R. Martin,9 085
George Romero,George A. Romero,3 129
George Sand,George Sand,34 152
George V,George V,23 313
Georges Besse,Georges Besse,1 854
Georges Brassens,Georges Brassens,22 499
Georges Charpak,Georges Charpak,2 377
Georges Clémenceau,Georges Clemenceau,24 464
Georges Clooney,George Clooney,30 168
Georges Malbrunot,Georges Malbrunot,825
Georges Moustaki,Georges Moustaki,17 644
Georges Orwell,George Orwell,19 345
Georges Perec,Georges Perec,12 611
Georges Pompidou,Georges Pompidou,29 305
Georges Simenon,Georges Simenon,7 384
Georges W. Bush,George W. Bush,17 854
Georges Wolinski,Georges Wolinski,2 959
Gérald de Palmas,Gérald de Palmas,3 247
Gérard Collomb,Gérard Collomb,26 625
Gérard Depardieu,Gérard Depardieu,40 650
Gérard Holtz,Gérard Holtz,9 329
Gérard Jugnot,Gérard Jugnot,13 307
Gérard Landin,Règle du joueur désigné,942
Gerhard Schröder,Gerhard Schröder,3 840
Germaine Tillion,Germaine Tillion,4 768
Geronimo,Geronimo,5 930
Gerry Adams,Gerry Adams,448
Gilbert Becaud,Gilbert Bécaud,12 158
Gilbert Montagné,Gilbert Montagné,11 369
Gilles Lellouche,Gilles Lellouche,22 851
Giorgio Armani,Giorgio Armani,3 755
Gisèle Halimi,Gisèle Halimi,5 390
Glenn Close,Glenn Close,4 820
Glenn Miller,Glenn Miller,2 501
Goran Bregovic,Goran Bregović,2 974
Gottfried Wilhelm Leibniz,Gottfried Wilhelm Leibniz,7 898
Goya,Francisco de Goya,11 702
Grace Kelly,Grace Kelly,21 246
grand corps malade,Grand Corps Malade,25 287
Grégory Coupet,Grégory Coupet,9 727
Greta Garbo,Greta Garbo,5 201
Grichka Bogdanov,Igor et Grichka Bogdanoff,151 586
Guillaume Apollinaire,Guillaume Apollinaire,48 884
Guillaume Canet,Guillaume Canet,20 172
Guillaume Depardieu,Guillaume Depardieu,14 043
Guillaume le Conquérant,Guillaume le Conquérant,18 477
Guillaume Meurice,Guillaume Meurice,11 989
Guillermo Del Toro,Guillermo del Toro,14 645
Guillermo Vilas,Guillermo Vilas,6 093
Günter Grass,Günter Grass,1 498
Gustave Eiffel,Gustave Eiffel,21 838
Gustavo Kuerten,Gustavo Kuerten,22 225
Guy Béart,Guy Béart,4 197
Guy Bedos,Guy Bedos,9 756
Guy de Maupassant,Guy de Maupassant,44 038
Guy Georges,Guy Georges,12 896
Guy Lux,Guy Lux,7 168
Guy Marchand,Guy Marchand,13 412
Guy Môquet,Guy Môquet,5 867
H.P. Lovecraft,Howard Phillips Lovecraft,12 627
Haïle Sélassié,Haïlé Sélassié Ier,9 100
Halle Berry,Halle Berry,15 150
Hamid Karzai,Hamid Karzai,1 168
Hans Christian Andersen,Hans Christian Andersen,6 837
Hans Scholl,Hans Scholl,3 458
Harold Pinter,Harold Pinter,1 531
Haroun Tazieff,Haroun Tazieff,4 973
Harriet Beecher Stowe,Harriet Beecher Stowe,1 004
Harriet Tubman,Harriet Tubman,4 897
Harrison Ford,Harrison Ford,36 062
Harry Houdini,Harry Houdini,6 937
Harry S.Truman,Présidence de Harry S. Truman,163
Harvey Weinstein,Harvey Weinstein,62 342
Heath Ledger,Heath Ledger,30 503
Hector Berlioz,Hector Berlioz,7 005
Hedy Lamarr,Hedy Lamarr,39 388
Helen Keller,Helen Keller,6 639
Hélène Courtois,Hélène Courtois,286
Hélène Grimaud,Hélène Grimaud,4 701
Hellen MacArthur,James MacArthur,676
Helmut Kohl,Helmut Kohl,4 959
Helmut Schmidt,Helmut Schmidt,2 519
Henning Mankell,Henning Mankell,4 368
Henri Cartier-Bresson,Henri Cartier-Bresson,3 676
Henri Dès,Henri Dès,6 590
Henri Désiré Landru,Henri Désiré Landru,8 442
Henri Dunant,Henri Dunant,4 862
Henri Leconte,Henri Leconte,22 239
Henri Matisse,Henri Matisse,16 248
Henri Poincarré,Henri Poincaré,6 073
Henri Salvador,Henri Salvador,11 983
Henry Ford,Henry Ford,8 007
Henry IV,Henri IV,895
Henry Kissinger,Henry Kissinger,9 170
Herbert Von Karajan,Herbert von Karajan,2 736
Hergé,Hergé,10 325
Hermann Göring,Hermann Göring,12 917
Hermann Hesse,Hermann Hesse,4 890
Hermann Rorschach,Hermann Rorschach,681
Hervé Bazin,Hervé Bazin,5 702
Hervé Ghesquière,Hervé Ghesquière,2 608
Hildegarde Von Bingen,Hildegarde de Bingen,6 206
Hillary Clinton,Hillary Clinton,8 457
Ho Chi Minh,Hô Chi Minh,9 176
Homère,Homère,18 046
Hosni Moubarak,Hosni Moubarak,5 829
Hu Jintao,Hu Jintao,2 539
Hubert Reeves,Hubert Reeves,8 295
Hugh Grant,Hugh Grant,13 803
Hugo Chavez,Hugo Chávez,8 313
Hugo Pratt,Hugo Pratt,5 299
Hugues Aufray,Hugues Aufray,23 236
Hyppocrate,Hippocrate,9 201
Ibn Mattuta,NULL,NULL
Idi Amin Dada,Idi Amin Dada,11 425
Idild Le Besco,NULL,NULL
Ieoh Ming Pei,Ieoh Ming Pei,4 116
Iggy Pop,Iggy Pop,9 332
Igor Bogdanov,Igor et Grichka Bogdanoff,151 586
Igor Kostine,Igor Kostine,119
Igor Stravinski,Igor Stravinsky,5 740
impératrice Joséphine,Joséphine de Beauharnais,11 824
Indira Gandhi,Indira Gandhi,6 518
Inès de la Fressange,Inès de La Fressange,5 720
Ingrid Betancourt,Íngrid Betancourt,12 913
Ingrid Chauvin,Ingrid Chauvin,20 285
Irène Joliot-Curie,Irène Joliot-Curie,4 390
Iro Hito,Nogizaka46,253
Isaac Asimov,Isaac Asimov,14 891
Isaac Newton,Isaac Newton,24 664
Isaac Stern,Isaac Stern,509
Isabel Allende,Isabel Allende,3 160
Isabelle Adjani,Isabelle Adjani,29 276
Isabelle Autissier,Isabelle Autissier,4 365
Isabelle Boulay,Isabelle Boulay,9 472
Isabelle Carré,Isabelle Carré,13 682
Isabelle Huppert,Isabelle Huppert,11 948
Ismael Lo,Ismaël Lô,1 057
Italo Calvino,Italo Calvino,4 932
Ivan Lendl,Ivan Lendl,18 654
Ivan Pavlov,Ivan Pavlov,4 319
Ivan Petrovich  Pavlov,Ivan Pavlov,4 319
J.K. Rowling,J. K. Rowling,23 189
J.M. Barrie,J. M. Barrie,2 918
J.M.G. Le Clézio,J. M. G. Le Clézio,9 643
J.R.R. Tolkien,J. R. R. Tolkien,15 027
Jack Lang,Jack Lang,19 788
Jack London,Jack London,10 621
Jack Nicholson,Jack Nicholson,18 277
Jackie Chan,Jackie Chan,33 438
Jackie Kennedy,Jacqueline Kennedy-Onassis,34 251
Jacky Ickx,Jacky Ickx,8 717
Jacques Anquetil,Jacques Anquetil,5 539
Jacques Attali,Jacques Attali,20 146
Jacques Audiard,Jacques Audiard,8 345
Jacques Brel,Jacques Brel,32 748
Jacques Cartier,Jacques Cartier,19 920
Jacques Chancel,Jacques Chancel,2 579
Jacques Chirac,Jacques Chirac,104 208
Jacques Cousteau,Jacques-Yves Cousteau,13 275
Jacques Delors,Jacques Delors,6 157
Jacques Demy,Jacques Demy,5 360
Jacques Dutronc,Jacques Dutronc,15 636
Jacques Gamblin,Jacques Gamblin,5 834
Jacques Henri Lartigues,Jacques Henri Lartigue,719
Jacques Martin,Jacques Martin (animateur),10 808
Jacques Mesrine,Jacques Mesrine,19 203
Jacques Offenbach,Jacques Offenbach,6 416
Jacques Perrin,Jacques Perrin,5 151
Jacques Pradel,Jacques Pradel,6 041
Jacques Prévert,Jacques Prévert,22 811
Jacques Vergès,Jacques Vergès,7 447
Jacques Villeneuve,Jacques Villeneuve,16 580
Jacques Villeret,Jacques Villeret,12 911
Jacques-Yves Cousteau,Jacques-Yves Cousteau,13 275
Jafar Panahi,Jafar Panahi,7 205
Jake Gyllenhaal,Jake Gyllenhaal,27 254
Jamel Debbouze,Jamel Debbouze,29 874
James Blunt,James Blunt,5 040
James Brown,James Brown,11 365
James Cameron,James Cameron,13 619
James Cook,James Cook,12 518
James Dean,James Dean,17 540
James Thierrée,James Thierrée,7 608
James Watt,James Watt,6 190
Jamiroquai,Jamiroquai,9 205
Jane Addams,Jane Addams,400
Jane Austen,Jane Austen,12 387
Jane Birkin,Jane Birkin,13 904
Jane Campion,Jane Campion,2 125
Jane Fonda,Jane Fonda,46 255
Janet Jackson,Janet Jackson,9 681
Janis Joplin,Janis Joplin,21 723
Jared Leto,Jared Leto,29 400
Jason Biggs,Jason Biggs,3 459
Jason Statham,Jason Statham,34 367
Javier Bardem,Javier Bardem,19 317
Jean  Ferrat,Jean Ferrat,12 383
Jean Amadou,Jean Amadou,3 164
Jean Anouih,NULL,NULL
Jean Carriès,Jean-Joseph Carriès,182
Jean Cocteau,Jean Cocteau,18 509
Jean de la Fontaine,Jean de La Fontaine,56 128
Jean de Lamartine,Alphonse de Lamartine,21 587
Jean Dujardin,Jean Dujardin,35 718
Jean Ferrat,Jean Ferrat,12 383
Jean Gabin,Jean Gabin,16 532
Jean Jaures,Jean Jaurès,22 678
Jean Marais,Jean Marais,12 998
Jean Monnet,Jean Monnet,9 058
Jean Moulin,Jean Moulin,40 071
Jean Nouvel,Jean Nouvel,6 891
Jean Paul II,Jean-Paul II,17 924
Jean Réno,Jean Reno,18 830
Jean Rochefort,Jean Rochefort,14 718
Jean Tiberi,Jean Tiberi,2 330
Jean Van Hamme,Jean Van Hamme,3 669
Jean Vilar,Jean Vilar,2 984
Jean XXIII,Jean XXIII,5 464
Jean-Baptiste de Lamarck,Jean-Baptiste de Lamarck,3 651
Jean-Baptiste Poquelin,Molière,153 318
Jean-Bedel Bokassa,Jean-Bedel Bokassa,8 626
Jean-Christophe Grangé,Jean-Christophe Grangé,10 144
Jean-Claude Brialy,Jean-Claude Brialy,7 467
Jean-Claude Servais,Jean-Claude Servais,275
Jean-Claude Van Damme,Jean-Claude Van Damme,37 153
Jean-Hugues Anglade,Jean-Hugues Anglade,5 872
Jean-Jacques Annaud,Jean-Jacques Annaud,3 629
Jean-Jacques Goldman,Jean-Jacques Goldman,57 984
Jean-Jacques Rousseau,Jean-Jacques Rousseau,45 653
Jean-Louis Aubert,Jean-Louis Aubert,5 233
Jean-Louis Etienne,Jean-Louis Étienne,2 326
Jean-Luc Delarue,Jean-Luc Delarue,13 419
Jean-Luc Godard,Jean-Luc Godard,16 776
Jean-Luc Reichmann,Jean-Luc Reichmann,15 823
Jean-Marc Ayrault,Jean-Marc Ayrault,4 185
Jean-Marc Barr,Jean-Marc Barr,10 597
Jean-Marc Morandini,Jean-Marc Morandini,6 455
Jean-Marc Mormeck,Jean-Marc Mormeck,2 291
Jean-Marc Vallée,Jean-Marc Vallée,8 254
Jean-Marie Bigard,Jean-Marie Bigard,9 912
Jean-Marie Le Pen,Jean-Marie Le Pen,73 351
Jean-Michel Basquiat,Jean-Michel Basquiat,12 224
Jean-Michel Jarre,Jean-Michel Jarre,10 322
Jean-Michel Larqué,Jean-Michel Larqué,21 246
Jean-Paul Belmondo,Jean-Paul Belmondo,54 905
Jean-Paul Gaultier,Jean-Paul Gaultier,11 044
Jean-Paul Goude,Jean-Paul Goude,2 760
Jean-Paul Marat,Jean-Paul Marat,9 837
Jean-Paul Rouve,Jean-Paul Rouve,12 570
Jean-Paul Sartre,Jean-Paul Sartre,36 899
Jean-Pierre Bacri,Jean-Pierre Bacri,29 789
Jean-Pierre Castaldi,Jean-Pierre Castaldi,13 462
Jean-Pierre Daroussin,Jean-Pierre Darroussin,11 241
Jean-Pierre Foucault,Jean-Pierre Foucault,16 269
Jean-Pierre Jeunet,Jean-Pierre Jeunet,8 745
Jean-Pierre Pernaud,Jean-Pierre Pernaut,13 418
Jeanne Calment,Jeanne Calment,16 793
Jeanne Cherhal,Jeanne Cherhal,2 369
Jeanne d’Arc,Jeanne d'Arc,62 562
Jeanne Moreau,Jeanne Moreau,9 316
Jeannie Longo,Jeannie Longo,3 709
Jeff Bridges,Jeff Bridges,8 462
Jeff Buckley,Jeff Buckley,10 092
Jeff Koons,Jeff Koons,6 014
Jennifer Aniston,Jennifer Aniston,34 860
Jennifer Connely,Jennifer Connelly,12 626
Jennifer Lawrence,Jennifer Lawrence,50 051
Jennifer Lopez,Jennifer Lopez,35 745
Jérémie Renier,Jérémie Renier,5 227
Jerome Bosch,Jérôme Bosch,6 564
Jessica Alba,Jessica Alba,21 029
Jessica Biel,Jessica Biel,13 152
Jessica Chastain,Jessica Chastain,19 575
Jet Li,Jet Li,23 781
Jim Carrey,Jim Carrey,28 147
Jim Jarmusch,Jim Jarmusch,4 984
Jim Morrison,Jim Morrison,21 832
Jimi Hendrix,Jimi Hendrix,23 871
Jimmy Carter,Jimmy Carter,12 022
Jimmy Cliff,Jimmy Cliff,2 731
Jimmy Morales,Jimmy Morales,1 133
Jimmy Page,Jimmy Page,7 492
Jo-Wilfried Tsonga,Jo-Wilfried Tsonga,41 631
Joan Baez,Joan Baez,30 294
Joan Miro,Joan Miró,8 409
Joaquin Phoenix,Joaquin Phoenix,16 431
Joe Dassin,Joe Dassin,21 869
Joe Frazier,Joe Frazier,3 454
Joel Cohen,Joel Cohen,109
Joël Robuchon,Joël Robuchon,6 878
Joey Starr,JoeyStarr,38 552
Johann Wolfgang von Goethe,Johann Wolfgang von Goethe,11 346
Johannes Gutenberg,Johannes Gutenberg,18 530
John Carpenter,John Carpenter,10 685
John Cusack,John Cusack,4 860
John Dillinger,John Dillinger,4 840
John Fitzgerald Kennedy,John Fitzgerald Kennedy,48 095
John Goodman,John Goodman,10 839
John Lennon,John Lennon,30 842
John McEnroe,John McEnroe,36 521
John Nash,John Forbes Nash,9 575
John Steinbeck,John Steinbeck,5 620
John Travolta,John Travolta,25 830
Johnny Cash,Johnny Cash,18 665
Johnny Depp,Johnny Depp,87 187
Johnny Hallyday,Johnny Hallyday,98 205
Johnny Knoxville,Johnny Knoxville,5 207
Johnny Rotten,John Lydon,2 358
Jonny Wilkinson,Jonny Wilkinson,4 437
Jorge Luis Borges,Jorge Luis Borges,5 944
Jorge Semprún,Jorge Semprún,3 072
José Bové,José Bové,4 593
José Garcia,José Garcia,14 723
José Saramago,José Saramago,2 184
Josef Kessel,Joseph Staline,57 767
Joseph Bouglione,Joseph Bouglione,678
Joseph Desire Mobutu,Mobutu Sese Seko,11 872
Joseph Goebbels,Joseph Goebbels,19 675
Joseph Kabila,Joseph Kabila,18 192
Joseph Staline,Joseph Staline,57 767
Josephine Backer,Liste des épisodes de Joséphine, ange gardien,19 115
Joséphine de Beauharnais,Joséphine de Beauharnais,11 824
Josh Hartnett,Josh Hartnett,17 495
Josiane Balasko,Josiane Balasko,11 590
Juan Carlos,Juan Carlos Ier,11 057
Jude Law,Jude Law,13 610
Judith Godrèche,Judith Godrèche,20 322
Jules César,Jules César,51 053
Jules Ferry,Jules Ferry,17 600
Jules Verne,Jules Verne,34 416
Julia Iglesias,Mes chers voisins,248
Julia Roberts,Julia Roberts,24 009
Julian Assange,Julian Assange,7 615
Julie Depardieu,Julie Depardieu,12 953
Julie Gayet,Julie Gayet,14 031
Julie Lescaut,Julie Lescaut,9 525
Julie Piétri,Julie Pietri,8 471
Julien Clerc,Julien Clerc,17 493
Julien Courbet,Julien Courbet,25 726
Julien Doré,Julien Doré,16 847
Julien Lepers,Julien Lepers,7 665
Juliette Arnaud,Juliette Arnaud,7 544
Juliette Binoche,Juliette Binoche,23 463
Justin Biebber,Justin Bieber,30 230
Justin Trudeau,Justin Trudeau,52 371
Juvenal Habyarimana,Juvénal Habyarimana,2 332
Kad Merad,Kad Merad,30 393
Kady Adoum-Douass,Kady Adoum-Douass,703
Kamel Ouali,Kamel Ouali,2 571
Karim Benzema,Karim Benzema,192 811
Karine Viard,Karin Viard,10 168
Karl Jung,Karl Gustav Jung,139
Karl Lagerfeld,Karl Lagerfeld,14 057
Karl Marx,Karl Marx,35 785
Karl Zéro,Karl Zéro,3 913
Kate Middleton,Catherine Middleton,57 355
Kate Moss,Kate Moss,9 852
Katie Holmes,Katie Holmes,10 762
Katy Perry,Katy Perry,26 968
Keanu Reeves,Keanu Reeves,34 265
Keira Knightley,Keira Knightley,25 707
Keith Haring,Keith Haring,9 283
Ken Loach,Ken Loach,6 424
Kendji Girac,Kendji Girac,38 642
Kev Adams,Kev Adams,40 041
Kevin Bacon,Kevin Bacon,11 001
Kevin Costner,Kevin Costner,19 060
Keziah Jones,Keziah Jones,1 524
Khaled,Khaled (chanteur),9 774
Khaled Hosseini,Khaled Hosseini,1 405
Khalil Gibran,Gibran Khalil Gibran,6 624
Kim Basinger,Kim Basinger,9 264
Kim Jong Il,Kim Jong-il,13 552
Kim Jong Un,Kim Jong-un,80 930
Kim Kardashian,Kim Kardashian,62 625
Kirk Douglas,Kirk Douglas,23 955
Kirsten Dunst,Kirsten Dunst,15 331
Klaus Barbie,Klaus Barbie,14 913
Klaus Nomi,Klaus Nomi,2 916
Kofi Annan,Kofi Annan,4 626
Kurt Cobain,Kurt Cobain,36 213
Kylie Minogue,Kylie Minogue,11 075
La comtesse de Ségur,Comtesse de Ségur,6 452
La Fayette,Gilbert du Motier de La Fayette,16 319
Laetitia Casta,Laetitia Casta,16 836
Lamina Benguigui,NULL,NULL
Lana Del Rey,Lana Del Rey,12 089
Lance Armstrong,Lance Armstrong,10 540
Lara Fabian,Lara Fabian,15 807
Larry Page,Larry Page,7 351
Laura Flessel-Colovic,Laura Flessel,17 766
Laure Manaudou,Laure Manaudou,11 871
Laurence Boccolini,Laurence Boccolini,8 149
Laurence Ferrari,Laurence Ferrari,8 573
Laurent Baffie,Laurent Baffie,18 300
Laurent Blanc,Laurent Blanc,97 213
Laurent Boyer,Laurent Boyer,2 857
Laurent Cabrol,Laurent Cabrol,6 119
Laurent Delahousse,Laurent Delahousse,15 832
Laurent Fabius,Laurent Fabius,10 407
Laurent Fignon,Laurent Fignon,6 957
Laurent Garnier,Laurent Garnier,3 240
Laurent Gbagbo,Laurent Gbagbo,7 600
Laurent Gerra,Laurent Gerra,28 385
Laurent Ruquier,Laurent Ruquier,21 005
Laurent Voulzy,Laurent Voulzy,37 795
Laurent Wauquiez,Laurent Wauquiez,27 761
Laurent-Désire Kabila,Laurent-Désiré Kabila,5 370
Le Corbusier,Le Corbusier,37 125
LeAnn Rimes,LeAnn Rimes,1 434
Lech Walęsa,Lech Wałęsa,4 644
Lee Harvey Oswald,Lee Harvey Oswald,8 852
Leïla Bekhti,Leïla Bekhti,29 151
Leïla Slimani,Leïla Slimani,11 999
Lenny Kravitz,Lenny Kravitz,25 525
Léo Ferré,Léo Ferré,11 761
Léon Blum,Léon Blum,13 856
Léon Gambetta,Léon Gambetta,8 365
Leon Tolstoï,Léon Tolstoï,11 449
Leon Trotsky,Léon Trotski,12 612
Leon Zitrone,Léon Zitrone,5 823
Leonard de Vinci,Léonard de Vinci,77 752
Leonardo DiCaprio,Leonardo DiCaprio,63 289
Léopold Sédar Senghor,Léopold Sédar Senghor,27 071
Les frères Grimm,Frères Grimm,10 184
Lewis Carroll,Lewis Carroll,7 417
Liam Gallagher,Liam Gallagher,7 182
Liam Neeson,Liam Neeson,51 554
Liane Foly,Liane Foly,6 813
Liliane Bettencourt,Liliane Bettencourt,15 089
Lily Allen,Lily Allen,9 654
Lily Cole,Lily Cole,795
Lincoln Burrows,Lincoln Burrows,2 369
Line Renaud,Line Renaud,22 951
Lino Ventura,Lino Ventura,30 914
Linus Torvalds,Linus Torvalds,3 687
Lio,Lio,38 021
Lionel Jospin,Lionel Jospin,11 392
Lionel Messi,Lionel Messi,376 004
Lionel Richie,Lionel Richie,9 284
Liu Xiaobo,Liu Xiaobo,1 670
Loana,Loana Petrucciani,7 894
Lolo Ferrari,Lolo Ferrari,11 984
Loránt Deutsch,Lorànt Deutsch,25 894
Lorie,Lorie Pester,24 924
Lou Doillon,Lou Doillon,7 774
Lou Reed,Lou Reed,5 996
Louis Antoine de Bougainville,Louis-Antoine de Bougainville,5 940
Louis Aragon,Louis Aragon,30 646
Louis Armand,Louis Armand,281
Louis Armstrong,Louis Armstrong,12 054
Louis Bertignac,Louis Bertignac,6 503
Louis Braille,Louis Braille,3 665
Louis Chedid,Louis Chedid,9 452
Louis De Funès,Louis de Funès,50 197
Louis Jouvet,Louis Jouvet,4 805
Louis Lumière,Louis Lumière,1 533
Louis Malle,Louis Malle,5 704
Louis Pasteur,Louis Pasteur,24 621
Louis Renault,Renault,21 740
Louis Vuitton,Louis Vuitton,18 974
Louis XIV,Louis XIV,151 656
Louis XVI,Louis XVI,42 244
Louis-Ferdinand Celine,Louis-Ferdinand Céline,27 046
Louise Bourgeois,Louise Bourgeois (plasticienne),3 327
Louise Bourgoin,Louise Bourgoin,13 306
Louise Michel,Louise Michel,15 277
Louise Weber,La Goulue,2 329
Louison Bobet,Louison Bobet,3 531
Luc Alphand,Luc Alphand,3 753
Luc Besson,Luc Besson,30 628
Luc Ferry,Luc Ferry,7 131
Luc Plamondon,Luc Plamondon,4 309
Luciano Pavarotti,Luciano Pavarotti,7 138
Lucie Aubrac,Lucie Aubrac,11 211
Lucy Liu,Lucy Liu,23 424
Luigi Pirandello,Luigi Pirandello,2 423
Luis Aragon,Luis Aragonés,5 217
Madame de Lafayette,Madame de La Fayette,17 917
Madame de Sévigné,Madame de Sévigné,9 360
Madonna,Madonna,39 558
Maggie Gyllenhaal,Maggie Gyllenhaal,5 285
Magic Johnson,Magic Johnson,13 848
Magyd Cherfi,Magyd Cherfi,1 669
Mahmoud Abbas,Mahmoud Abbas,5 225
Mahmoud Darwich,Mahmoud Darwich,2 448
Malala Yousafzai,Malala Yousafzai,18 992
Malcolm Young,Malcolm Young,17 392
Mano Solo,Mano Solo,15 273
Manu Chao,Manu Chao,15 555
Manu Dibango,Manu Dibango,2 770
Manu Payet,Manu Payet,29 393
Manuel Valls,Manuel Valls,20 317
Mao Zedong,Mao Zedong,27 264
Marc Anthony,Marc Anthony,4 212
Marc Dutroux,Marc Dutroux,18 113
Marc Lévy,Marc Levy,24 238
Marc Simoncini,Marc Simoncini,2 357
Marc-Olivier Fogiel,Marc-Olivier Fogiel,14 904
Marcel Béliveau,Marcel Béliveau,935
Marcel Cerdan,Marcel Cerdan,6 094
Marcel Dassault,Marcel Dassault,103 912
Marcel Duchamp,Marcel Duchamp,12 247
Marcel Marceau,Marcel Marceau,2 337
Marcel Pagnol,Marcel Pagnol,17 734
Marco Polo,Marco Polo,27 728
Margaret Atwood,Margaret Atwood,9 227
Margaret Thatcher,Margaret Thatcher,20 798
Marguerite Duras,Marguerite Duras,26 528
Marguerite Yourcenar,Marguerite Yourcenar,14 019
Maria Callas,Maria Callas,12 818
Maria Montessori,Maria Montessori,5 903
Mariah Carey,Mariah Carey,14 567
Marianne Faithfull,Marianne Faithfull,3 579
Marie Besnard,Marie Besnard,2 155
Marie Bochet,Marie Bochet,824
Marie Curie,Marie Curie,45 658
Marie Drucker,Marie Drucker,13 694
Marie Labory,Marie Labory,876
Marie Laforet,Marie Laforêt,15 090
Marie Laurencin,Marie Laurencin,4 781
Marie Stuart,Marie Stuart,44 438
Marie Trintignant,Marie Trintignant,43 916
Marie-Anne Chazel,Marie-Anne Chazel,6 254
Marie-Antoinette,Marie-Antoinette d'Autriche,33 092
Marie-José Pérec,Marie-José Pérec,6 349
Marie-Josée Croze,Marie-Josée Croze,4 027
Marilou Berry,Marilou Berry,10 887
Marilyn Manson,Marilyn Manson,35 584
Marilyn Monroe,Marilyn Monroe,48 226
Marina Foïs,Marina Foïs,21 985
Marine Le Pen,Marine Le Pen,29 629
Marion Bartoli,Marion Bartoli,38 805
Marion Cotillard,Marion Cotillard,35 638
Marion Marécal-Le Pen,Philippe Torreton,4 353
Marivaux,Pierre Carlet de Chamblain de Marivaux,26 489
Marjane Satrapi,Marjane Satrapi,6 090
Mark Ruffalo,Mark Ruffalo,10 789
Mark Zuckerberg,Mark Zuckerberg,24 236
Marlène Dietrich,Marlene Dietrich,6 961
Marlène Jobert,Marlène Jobert,10 440
Marlon Brando,Marlon Brando,25 180
Marquis de La Fayette,Gilbert du Motier de La Fayette,16 319
Marquis de Vauban (Sébastien Le Prestre),Sébastien Le Prestre de Vauban,11 169
Martin Bouygues,Martin Bouygues,4 624
Martin Fourcade,Martin Fourcade,6 188
Martin Luther King,Martin Luther King,63 661
Martin Scorsese,Martin Scorsese,16 053
Martina Navratilova,Martina Navrátilová,12 373
Martine Aubry,Martine Aubry,6 371
Marvin Gaye,Marvin Gaye,13 670
Mary Edwards Walker,Mary Edwards Walker,210
Mary Higgins Clark,Mary Higgins Clark,6 472
Mary J. Blige,Mary J. Blige,2 945
Mary Pierce,Mary Pierce,21 402
Mary Shelley,Mary Shelley,14 315
Mata Hari,Mata Hari,11 951
Mathieu Amalric,Mathieu Amalric,8 009
Mathieu Kassovitz,Mathieu Kassovitz,20 805
Mats Wilander,Mats Wilander,12 287
Matthieu Chedid,Matthieu Chedid,15 852
Maude Fontenoy,Maud Fontenoy,20 269
Maurice Béjart,Maurice Béjart,4 544
Maurice Chevalier,Maurice Chevalier,4 858
Maurice Druon,Maurice Druon,5 376
Maurice Herzog,Maurice Herzog,3 114
Maurice Pialat,Maurice Pialat,2 526
Maurice Ravel,Maurice Ravel,13 661
Max Boublil,Max Boublil,4 956
Maxime le Forestier,Maxime Le Forestier,13 859
Maya Angelou,Maya Angelou,3 892
Mazarine Pingeot,Mazarine Pingeot,9 379
MC Solaar,MC Solaar,22 335
Meg Ryan,Meg Ryan,8 773
Mel Gibson,Mel Gibson,21 034
Mélanie Doutey,Mélanie Doutey,21 264
Mélanie Laurent,Mélanie Laurent,26 119
Melvin Poupaud,Festival du cinéma américain de Deauville,1 234
Mère Teresa,Mère Teresa,16 388
Michael Ange,Michel-Ange,26 698
Michael Bublé,Michael Bublé,2 202
Michael Cera,Michael Cera,6 835
Michael Crichton,Michael Crichton,8 043
Michael Faraday,Michael Faraday,4 004
Michael Jackson,Michael Jackson,81 571
Michael Jordan,Michael Jordan,59 520
Michael Leeb,Michel Leeb,4 899
Michael Moore,Michael Moore,4 390
Michael Phelps,Michael Phelps,7 789
Michael Schumacher,Michael Schumacher,53 895
Michael Scofield,Michael Scofield,10 159
Michaël Youn,Michaël Youn,50 844
Michel Audiard,Michel Audiard,8 442
Michel Berger,Michel Berger,41 544
Michel Blanc,Michel Blanc,8 032
Michel Boujenah,Michel Boujenah,6 865
Michel Bouquet,Michel Bouquet,5 245
Michel Cymes,Michel Cymes,18 985
Michel Delpech,Michel Delpech,10 840
Michel Denisot,Michel Denisot,3 733
Michel Douglas,Kirk Douglas,23 955
Michel Drucker,Michel Drucker,25 217
Michel Foucault,Michel Foucault,14 971
Michel Fourniret,Michel Fourniret,15 775
Michel Fugain,Michel Fugain,13 467
Michel Houellebecq,Michel Houellebecq,18 200
Michel Jonasz,Michel Jonasz,5 562
Michel Leeb,Michel Leeb,4 899
Michel Petrucciani,Michel Petrucciani,5 220
Michel Piccoli,Michel Piccoli,16 416
Michel Platini,Michel Platini,70 112
Michel Polnareff,Michel Polnareff,10 453
Michel Sardou,Michel Sardou,30 945
Michel Serrault,Michel Serrault,14 857
Michel Vaillant,Michel Vaillant,2 882
Michel-Ange,Michel-Ange,26 698
Michèle Laroque,Michèle Laroque,17 084
Michelle Bachelet,Michelle Bachelet,3 516
Michelle Obama,Michelle Obama,9 033
Michelle Pfeiffer,Michelle Pfeiffer,13 054
Michou,Michou,8 899
Mick Jagger,Mick Jagger,16 295
Mickey Rourke,Mickey Rourke,7 974
Mika,Mika (chanteur),32 017
Mikhaïl Gorbachev,Mikhaïl Gorbatchev,21 561
Milan Kundera,Milan Kundera,10 224
Miles Davies,Jimmy Davies,19
Miley Cyrus,Miley Cyrus,20 087
Milo Manara,Milo Manara,1 498
Milos Forman,Miloš Forman,9 637
Mimie Mathy,Mimie Mathy,14 426
Miou-miou,Miou-Miou,11 840
Mireille Darc,Mireille Darc,15 109
Mireille Dumas,Mireille Dumas,1 916
Mireille Mathieu,Mireille Mathieu,13 414
Missak Manouchian,Missak Manouchian,5 192
Moebius,Jean Giraud,4 564
Mohamed Ali,Mohamed Ali,41 762
Molière,Molière,153 318
Monica Bellucci,Monica Bellucci,38 402
Monica Cruz,Mónica Cruz,8 123
Monica Lewinsky,Monica Lewinsky,15 681
Monica Seles,Monica Seles,18 333
Monseigneur Gaillot,Jacques Gaillot,1 378
Morane,Morane,140
Mouammar Kadhafi,Mouammar Kadhafi,24 141
Mouss Diouf,Mouss Diouf,20 099
Mozart,Wolfgang Amadeus Mozart,163 804
Mstislav Rostropovich,Mstislav Rostropovitch,1 596
Muhammad Ali,Mohamed Ali,41 762
Muriel Robin,Muriel Robin,7 856
Murray Gell-Mann,Murray Gell-Mann,293
Mylène Farmer,Mylène Farmer,75 039
Nadar,Nadar,3 808
Nadia Comāneci,Nadia Comăneci,11 163
Nagui,Nagui,58 548
Najat Vallaud-Belkacem,Najat Vallaud-Belkacem,11 496
Nana Mouskouri,Nana Mouskouri,11 355
Naomi Campbell,Naomi Campbell,27 025
Naomi Rapace,Le Complot,33
Napoléon Bonaparte,Napoléon Ier,89 566
Narendra Modi,Narendra Modi,2 859
Nastassja Kinski,Nastassja Kinski,5 876
Natacha Amal,Natacha Amal,3 466
Natalie Portman,Natalie Portman,59 905
Natascha Kampusch,Affaire Natascha Kampusch,6 383
Nathalie Baye,Nathalie Baye,16 751
Nathalie Kosciusko-Morizet,Nathalie Kosciusko-Morizet,7 209
Nathalie Sarraute,Nathalie Sarraute,8 867
Neil Amstrong,Neil Armstrong,26 733
Nelson Mandela,Nelson Mandela,71 975
Nelson Monfort,Nelson Monfort,18 128
Neve Campbell,Neve Campbell,6 297
Nick Nolte,Nick Nolte,5 669
Nicolae Ceaușescu,Nicolae Ceaușescu,10 886
Nicolas Anelka,Nicolas Anelka,61 933
Nicolas Appert,Nicolas Appert,2 279
Nicolas Bedos,Nicolas Bedos,9 696
Nicolas Cage,Nicolas Cage,23 162
Nicolas Cantaloup,Canteloup,80
Nicolas Demorand,Nicolas Demorand,4 425
Nicolas Hulot,Nicolas Hulot,14 834
Nicolás Maduro,Nicolás Maduro,7 197
Nicolas Sarkozy,Nicolas Sarkozy,38 801
Nicole Croisille,Nicole Croisille,3 898
Nicole Kidman,Nicole Kidman,19 643
Nicolo Paganini,Niccolò Paganini,3 610
Niels Arestrup,Niels Arestrup,4 778
Nikie de Saint-Phalle,NULL,NULL
Nikita Khrouchtchev,Nikita Khrouchtchev,19 595
Nikola Gogol,Kirill Serebrennikov,522
Nikola Tesla,Nikola Tesla,30 613
Nikos Aliagas,Nikos Aliagas,21 805
Nina Simone,Nina Simone,14 140
Nino Ferrer,Nino Ferrer,11 615
Ninon Chaumette,Aurélie Vaneck,4 838
Nolwenn Leroy,Nolwenn Leroy,32 266
Norah Jones,Norah Jones,6 860
Nostradamus,Nostradamus,13 337
Novak Djokovic,Novak Djokovic,176 666
O.J. Simpson,O. J. Simpson,29 164
Octavio Paz,Octavio Paz,1 213
Olafur Eliasson,Olafur Eliasson,947
Olivia Ruiz,Olivia Ruiz,13 049
Olivier Besancenot,Olivier Besancenot,5 928
Olivier Marchal,Olivier Marchal,11 142
Olympe de Gouges,Olympe de Gouges,18 253
Omar Bongo,Omar Bongo,3 928
Omar Raddad,Affaire Omar Raddad,7 734
Omar Sharif,Omar Sharif,8 904
Omar Sy,Omar Sy,25 150
Ophélie Winter,Ophélie Winter,25 538
Oprah Windfrey,NULL,NULL
Orelsan,Orelsan,67 160
Orhan Pamuk,Orhan Pamuk,1 803
Orlando Bloom,Orlando Bloom,17 425
Ornella Muti,Ornella Muti,19 214
Orson Welles,Orson Welles,9 991
Oscar Niemeyer,Oscar Niemeyer,3 638
Oscar Wilde,Oscar Wilde,16 521
Oskar Schindler,Oskar Schindler,9 914
Oum Kalthoum,Oum Kalthoum,6 658
Ousmane Sow,Ousmane Sow,1 862
Oussama Ben Laden,Oussama ben Laden,19 035
Ovide,Ovide,8 790
Ozzy Osbourne,Ozzy Osbourne,12 552
Pablo Escobar,Pablo Escobar,103 316
Pablo Neruda,Pablo Neruda,10 767
Pablo Picasso,Pablo Picasso,75 322
Pamela Anderson,Pamela Anderson,80 471
Paolo Nutini,Paolo Nutini,1 016
Paris Hilton,Paris Hilton,15 623
Pascal Brunner,Pascal Brunner,3 427
Pascal Legitimus,Pascal Légitimus,7 986
Pascal Obispo,Pascal Obispo,23 315
Pascal Sevran,Pascal Sevran,6 668
Pascale Clark,Pascale Clark,2 838
Patrice Chéreau,Patrice Chéreau,3 858
Patricia Arquette,Patricia Arquette,4 393
Patricia Cornwell,Patricia Cornwell,4 071
Patricia Kaas,Patricia Kaas,8 037
Patrick Bouchitey,Patrick Bouchitey,3 656
Patrick Bruel,Patrick Bruel,37 815
Patrick Chesnais,Patrick Chesnais,8 360
Patrick de Carolis,Patrick de Carolis,1 967
Patrick Dewaere,Patrick Dewaere,27 187
Patrick Dils,Patrick Dils,9 861
Patrick Hernandez,Patrick Hernandez,4 501
Patrick Juvet,Patrick Juvet,14 185
Patrick Modiano,Patrick Modiano,8 256
Patrick Poivre d’Arvor,Patrick Poivre d'Arvor,16 782
Patrick Sabatier,Patrick Sabatier,5 066
Patrick Sébastien,Patrick Sébastien,51 473
Patrick Timsit,Patrick Timsit,6 058
Paul Auster,Paul Auster,5 283
Paul Bettany,Paul Bettany,11 856
Paul Bocuse,Paul Bocuse,14 823
Paul Cézanne,Paul Cézanne,12 708
Paul Eluard,Paul Éluard,28 159
Paul Kagame,Paul Kagame,9 135
Paul McCartney,Paul McCartney,25 368
Paul Newman,Paul Newman,11 313
Paul Simon,Paul Simon (chanteur),17 356
Paul Verlaine,Paul Verlaine,41 608
Paul-Emile Victor,Paul-Émile Victor,2 988
Pedro Almodovar,Pedro Almodóvar,9 296
Pénélope Cruz,Penélope Cruz,30 301
Pericles,Périclès,7 528
Pete Doherty,Pete Doherty,4 699
Pete Sampras,Pete Sampras,25 826
Peter Falk,Peter Falk,7 250
Phil Collins,Phil Collins,16 614
Philippe Bouvard,Philippe Bouvard,22 242
Philippe Candeloro,Philippe Candeloro,4 428
Philippe Caroit,Philippe Caroit,2 837
Philippe Corentin,Philippe Corentin,185
Philippe Gildas,Philippe Gildas,10 460
Philippe Lelouche,Philippe Lellouche,13 407
Philippe Noiret,Philippe Noiret,8 946
Philippe Pétain,Philippe Pétain,40 712
Pierce Brosnan,Pierce Brosnan,25 540
Pierre Alexis Ponson du Terrail,Pierre Alexis de Ponson du Terrail,665
Pierre Arditi,Pierre Arditi,18 315
Pierre Bachelet,Pierre Bachelet,14 731
Pierre Bellemare,Pierre Bellemare,653 491
Pierre Bénichon,Patrimoine culinaire du canton de Fribourg,82
Pierre Bérégovoy,Pierre Bérégovoy,8 952
Pierre Bergé,Pierre Bergé,13 068
Pierre Bourdieu,Pierre Bourdieu,19 124
Pierre Cardin,Pierre Cardin,6 040
Pierre Corneille,Pierre Corneille,38 445
Pierre Curie,Pierre Curie,5 477
Pierre de Coubertin,Pierre de Coubertin,11 956
Pierre de Ronsard,Pierre de Ronsard,31 671
Pierre Desproges,Pierre Desproges,14 709
Pierre Gattaz,Pierre Gattaz,4 508
Pierre Laval,Pierre Laval,14 434
Pierre Lescure,Pierre Lescure,8 147
Pierre Ménès,Pierre Ménès,22 168
Pierre Palmade,Pierre Palmade,6 239
Pierre Perret,Pierre Perret,14 511
Pierre Rabhi,Pierre Rabhi,16 203
Pierre Richard,Pierre Richard,23 359
Pierre Troisgros,Troisgros,3 374
Pina Bausch,Pina Bausch,3 889
Pio Marmaï,Pio Marmaï,11 136
Piotr Ilitch Tchaïkovski,Piotr Ilitch Tchaïkovski,11 189
Plantu,Plantu,2 692
Platon,Platon,31 162
Pline le jeune,Pline le Jeune,3 333
Pol Pot,Pol Pot,9 439
Prince Charles,Prince Charles,406
Puff Daddy,Sean Combs,17 059
Pythagore,Pythagore,15 742
Rabindranath Tagore,Rabindranath Tagore,2 210
Rachel McAdams,Rachel McAdams,23 346
Rachid Arhab,Rachid Arhab,2 197
Rachid Taha,Rachid Taha,3 720
Rachida Brakni,Rachida Brakni,6 454
Rachida Dati,Rachida Dati,9 876
Rafael Nadal,Rafael Nadal,632 418
Rainier Grimaldi (de Monaco),Maison Grimaldi,3 664
Ralph Fiennes,Ralph Fiennes,12 317
Rama Yade,Rama Yade,4 394
Raoul Salan,Raoul Salan,5 386
Raphaël,Raphaël,2 671
Raphaël Mezrahi,Raphaël Mezrahi,3 500
Raphaël Nadal,Rafael Nadal,632 418
Raul Castro,Raúl Castro,4 284
Ray Bradburry,Ray Bradbury,4 933
Ray Charles,Ray Charles,14 983
Raymond Barre,Raymond Barre,6 696
Raymond Devos,Raymond Devos,6 454
Raymond Domenech,Raymond Domenech,46 849
Raymond Goscinny,René Goscinny,7 371
Raymond Poincaré,Raymond Poincaré,7 637
Raymond Queneau,Raymond Queneau,9 390
Recep Tayyip Erdogan,Recep Tayyip Erdoğan,20 006
Rémi Fraisse,Manifestation des 25 et 26 octobre 2014 contre le barrage de Sivens,948
Rémi Gaillard,Rémi Gaillard,9 662
Renan Luce,Renan Luce,4 674
Renaud (Séchan),Renaud,36 304
Renaud Capuçon,Renaud Capuçon,4 718
René Angélil,René Angélil,7 577
René Barjavel,René Barjavel,8 333
René Cassin,René Cassin,3 925
René Char,René Char,7 184
René Coty,René Coty,13 793
René Descartes,René Descartes,26 375
René Lacoste,René Lacoste,12 385
Richard Anconina,Richard Anconina,15 044
Richard Berry,Richard Berry,14 498
Richard Bohringer,Richard Bohringer,15 506
Richard Branson,Richard Branson,8 343
Richard Gasquet,Richard Gasquet,41 208
Richard Gere,Richard Gere,9 309
Richard Nixon,Richard Nixon,19 206
Richard Virenque,Richard Virenque,3 559
Rihanna,Rihanna,61 187
Rita Cadillac,Rita Cadillac,407
Roald Amundsen,Roald Amundsen,2 247
Roald Dahl,Roald Dahl,9 717
Robert Badinter,Robert Badinter,9 515
Robert Charlebois,Robert Charlebois,4 285
Robert de Niro,Robert De Niro,32 656
Robert Doineau,Union des démocrates et indépendants,5 982
Robert Lee,Robert Lee,9 312
Robert Louis Stevenson,Robert Louis Stevenson,9 135
Robert Oppenheimer,Robert Oppenheimer,5 981
Robert Pirès,Robert Pirès,62 688
Robert Redford,Robert Redford,14 066
Robert Schuman,Robert Schuman,11 627
Roberto Benigni,Roberto Benigni,5 575
Roberto Mussolini,Alessandra Mussolini,2 304
Robin Williams,Robin Williams,32 090
Rocco Siffredi,Rocco Siffredi,25 413
Rodrigo Duterte,Rodrigo Duterte,4 770
Roger Carel,Roger Carel,13 140
Roger Federer,Roger Federer,301 660
Roger Frison-Roche,Roger Frison-Roche,1 820
Rokhaya Diallo,Rokhaya Diallo,7 620
Roland Garros,Roland Garros,78 296
Roland Marci,Personnages de Plus belle la vie,14 922
Romain Duris,Romain Duris,24 467
Romain Gary,Romain Gary,34 933
Roman Polanski,Roman Polanski,19 077
Romane Bohringer,Romane Bohringer,7 247
Romy Schneider,Romy Schneider,118 100
Ronald Reagan,Ronald Reagan,22 912
Ronaldinho,Ronaldinho,70 513
Ronaldo,Ronaldo,93 773
Rosa Bonheur,Rosa Bonheur,3 400
Rosa Parks,Rosa Parks,39 385
Rosanna Arquette,Rosanna Arquette,6 514
Rose Laurens,Rose Laurens,11 500
Roselyne Bachelot,Roselyne Bachelot,15 052
Rouhollah Khomeini (Ayatollah),Rouhollah Khomeini,10 838
Rowan Atkinson,Rowan Atkinson,15 899
Rudyard Kipling,Rudyard Kipling,9 392
Rufus,Rufus,5 255
Rupert Everett,Rupert Everett,5 359
Rupert Murdoch,Rupert Murdoch,3 959
Russell Crowe,Russell Crowe,17 668
Ryan Gosling,Ryan Gosling,28 294
Saad Hariri,Saad Hariri,2 393
Sabine Azéma,Sabine Azéma,5 305
Sacha Baron Cohen,Sacha Baron Cohen,10 831
Saddam Hussein,Saddam Hussein,26 590
Sadi Carnot,Sadi Carnot (homme politique),7 669
Saint-John Perse,Saint-John Perse,3 877
Salif Keïta,Salif Keïta (football, 1946),3 915
Salvador Allende,Salvador Allende,9 173
Salvador Dalí,Salvador Dalí,38 783
Salvatore Adamo,Salvatore Adamo,12 456
Sam Cooke,Sam Cooke,2 982
Sami Bouajila,Sami Bouajila,3 683
Samuel Beckett,Samuel Beckett,15 668
Samuel Benchetrit,Samuel Benchetrit,20 794
Samuel L. Jackson,Samuel L. Jackson,23 118
Samuel Morse,Samuel Morse,2 920
Samy Naceri,Samy Naceri,23 986
Sandra Bullock,Sandra Bullock,32 953
Sandrine Bonnaire,Sandrine Bonnaire,5 557
Sandrine Kiberlain,Sandrine Kiberlain,12 043
Saoirse Ronan,Saoirse Ronan,5 943
Sarah Breedlove,Madam C.J. Walker,368
Sarah Palin,Sarah Palin,2 637
Scarlett Johansson,Scarlett Johansson,40 271
Sean Connery,Sean Connery,24 812
Sean Penn,Sean Penn,10 487
Sebastian Kurz,Sebastian Kurz,8 268
Sébastien Chabal,Sébastien Chabal,8 410
Sebastien Loeb,Sébastien Loeb,19 565
Ségolène Royal,Ségolène Royal,12 020
Serena Williams,Serena Williams,146 396
Serge Dassault,Serge Dassault,259 224
Serge Gainsbourg,Serge Gainsbourg,43 441
Serge Klarsfeld,Serge Klarsfeld,3 971
Serge Moati,Serge Moati,4 656
Serge Reggiani,Serge Reggiani,10 210
Sergeï Skripal,Empoisonnement de Sergueï et Ioulia Skripal,2 952
Sergio Leone,Sergio Leone,6 554
Shakira,Shakira,83 378
Sheryl Crowe,Sheryl Crow,3 140
Shimon Peres,Shimon Peres,4 587
Shinzō Abe,Shinzō Abe,6 246
Shirin Ebadi,Shirin Ebadi,776
Sidney Lumet,Sidney Lumet,2 700
Sigmund Freud,Sigmund Freud,27 697
Silvester Stalone,Sylvester Stallone,74 159
Silvio Berlusconi,Silvio Berlusconi,10 408
Simon Baker,Simon Baker,7 789
Simone de Beauvoir,Simone de Beauvoir,31 244
Simone Garnier,Simone Garnier,2 975
Simone Signoret,Simone Signoret,21 291
Simone Veil,Simone Veil,58 197
Sirimavo Bandaranaike,Sirimavo Bandaranaike,398
Sitting Bull,Sitting Bull,5 349
Slobodan Milošević,Slobodan Milošević,7 464
Socrate,Socrate,26 719
Sœur Emmanuelle,Sœur Emmanuelle,4 481
Sœur sourire,Sœur Sourire,3 890
Sofia Coppola,Sofia Coppola,8 278
Sojourner Truth,Sojourner Truth,639
Sonia Rykiel,Sonia Rykiel,2 163
Sophia Loren,Sophia Loren,13 976
Sophie Calle,Sophie Calle,2 388
Sophie Daumier,Sophie Daumier,5 657
Sophie Davant,Sophie Davant,18 518
Sophie Marceau,Sophie Marceau,29 803
Sophie Scholl,Sophie Scholl,19 955
Sophocle,Sophocle,8 613
Souad Massi,Souad Massi,2 415
Stanley Kubrick,Stanley Kubrick,22 448
Steeve Jobs,Steve Jobs,35 449
Steffi Graf,Steffi Graf,36 839
Stendhal,Stendhal,24 019
Stéphane Audran,Stéphane Audran,6 594
Stéphane Bern,Stéphane Bern,29 312
Stéphane Collaro,Stéphane Collaro,6 452
Stephane Grapelli,Stéphane Grappelli,1 717
Stéphane Taponier,Stéphane Taponier,565
Stephen Hawking,Stephen Hawking,56 395
Stephen King,Stephen King,28 329
Steve Buscemi,Steve Buscemi,8 054
Steve Jobs,Steve Jobs,35 449
Steven Spielberg,Steven Spielberg,34 432
Stevie Wonder,Stevie Wonder,13 329
Sting,Sting,26 046
Surya Bonaly,Surya Bonaly,2 864
Susan B. Anthony,Susan B. Anthony,781
Suzanne Lenglen,Suzanne Lenglen,14 895
Suzi Quatro,Suzi Quatro,1 726
Sydney Bechet,Sidney Bechet,2 760
Sylvie Vartan,Sylvie Vartan,17 132
Tahar Ben Jelloun,Tahar Ben Jelloun,6 018
Takashi Murakami,Takashi Murakami,4 030
Teddy Riner,Teddy Riner,22 612
Tenzin Gyatso,Tenzin Gyatso,9 387
Terrence Malick,Terrence Malick,5 060
Terry Gilliam,Terry Gilliam,20 640
Theodore Roosevelt,Theodore Roosevelt,11 747
Theresa May,Theresa May,12 287
Thierry Ardisson,Thierry Ardisson,17 906
Thierry Beccaro,Thierry Beccaro,4 987
Thierry Henry,Thierry Henry,204 141
Thierry Le Luron,Thierry Le Luron,7 372
Thierry Lhermitte,Thierry Lhermitte,12 567
Thierry Roland,Thierry Roland,33 660
Thierry Sabine,Thierry Sabine,2 034
Thomas Edison,Thomas Edison,21 166
Thomas Fersen,Thomas Fersen,2 719
Thomas Mann,Thomas Mann,4 572
Thomas Moore,Thomas More,11 210
Thomas More,Thomas More,11 210
Thomas Pesquet,Thomas Pesquet,14 859
Tiger Woods,Tiger Woods,10 901
Tignous,Tignous,1 521
Tim Allen,Tim Allen,1 523
Tim Burton,Tim Burton,25 655
Tim Roth,Tim Roth,10 220
Tina Arena,Tina Arena,11 683
Tina Turner,Tina Turner,44 909
Tino Rossi,Tino Rossi,5 671
Tom Cruise,Tom Cruise,52 084
Tom Hanks,Tom Hanks,26 666
Tom Hardy,Tom Hardy,27 140
Tommy Lee Jones,Tommy Lee Jones,9 553
Toni Morrison,Toni Morrison,3 905
Tony Blair,Tony Blair,6 095
Tony Curtis,Tony Curtis,6 735
Tony Parker,Tony Parker,30 209
Toutânkhamon,Toutânkhamon,11 396
Uwe Rosenberg,Uwe Rosenberg,161
Vaclav Havel,Václav Havel,2 640
Valentina Tereshkova,Valentina Terechkova,4 827
Valentino Rossi,Valentino Rossi,23 456
Valérie Bègue,Valérie Bègue,15 317
Valérie Benguigui,Valérie Benguigui,14 075
Valérie Donzelli,Valérie Donzelli,4 830
Valérie Lemercier,Valérie Lemercier,13 102
Valéry Giscard D’Estaing,Valéry Giscard d'Estaing,51 299
Vanessa Paradis,Vanessa Paradis,46 923
Vasco de Gama,Vasco de Gama,24 567
Venus Williams,Venus Williams,54 119
Vercingetorix,Vercingétorix,14 982
Véronique Genest,Véronique Genest,9 183
Véronique Jannot,Véronique Jannot,26 037
Victor Hugo,Victor Hugo,130 972
Victor Schœlcher,Victor Schœlcher,10 088
Victoria (reine),Victoria (reine),72 908
Victoria Abril,Victoria Abril,8 236
Victoria Beckham,Victoria Beckham,17 693
Viggo Mortensen,Viggo Mortensen,10 841
Viktor Orban,Viktor Orbán,4 319
Vin Diesel,Vin Diesel,23 498
Vincent Auriol,Vincent Auriol,6 090
Vincent Bolloré,Vincent Bolloré,23 858
Vincent Cassel,Vincent Cassel,90 367
Vincent Lagaf',Vincent Lagaf',48 042
Vincent Lindon,Vincent Lindon,22 606
Vincent Van Gogh,Vincent van Gogh,40 821
Viola Davis,Viola Davis,9 688
Virginia Woolf,Virginia Woolf,9 302
Virginie Ledoyen,Virginie Ledoyen,13 599
Vladimir Ilitch Lénine,Vladimir Ilitch Lénine,26 273
Vladimir Poutine,Vladimir Poutine,64 572
Voltaire,Voltaire,80 858
Walt Disney,Walt Disney,26 081
Wernher von Braun,Wernher von Braun,5 113
Wes Anderson,Wes Anderson,12 422
Whitney Houston,Whitney Houston,29 572
Whoopi Goldberg,Whoopi Goldberg,7 526
Will Smith,Will Smith,41 433
Willem Dafoe,Willem Dafoe,8 183
William Faulkner,William Faulkner,4 463
William Shakespeare,William Shakespeare,38 249
William Sheller,William Sheller,6 464
Wim Wenders,Wim Wenders,4 507
Winnie Mandela,Winnie Mandela,3 299
Winona Ryder,Winona Ryder,20 079
Winston Churchill,Winston Churchill,71 648
Wolfgang Amadeus Mozart,Wolfgang Amadeus Mozart,163 804
Woody Allen,Woody Allen,22 786
Woody Harrelson,Woody Harrelson,24 915
Xavier Beauvois,Xavier Beauvois,2 368
Xavier Dupont de Ligonnès,Affaire Dupont de Ligonnès,9 760
Xi Jinping,Xi Jinping,9 580
Yael Naim,Yael Naim,2 157
Yann Arthus-Bertrand,Yann Arthus-Bertrand,4 215
Yann Barthès,Yann Barthès,24 336
Yannick Noah,Yannick Noah,48 835
Yasmina Khadra,Yasmina Khadra,8 106
Yasmina Reza,Yasmina Reza,8 148
Yasser Arafat,Yasser Arafat,15 485
Yehudi Menuhin,Yehudi Menuhin,1 719
Yitzhak Rabin,Yitzhak Rabin,8 415
Yma Sumac,Yma Sumac,1 151
Yo-Yo Ma,Yo-Yo Ma,946
Yoko Ono,Yoko Ono,10 650
Yolande Moreau,Yolande Moreau,6 313
Youri Gagarine,Youri Gagarine,12 536
Youssou N’Dour,Youssou N'Dour,8 185
Yul Brynner,Yul Brynner,9 639
Yvan Attal,Yvan Attal,24 031
Yvan Colonna,Yvan Colonna,5 978
Yvan le Bolloc’h,Yvan Le Bolloc'h,5 335
Yves Calvi,Yves Calvi,5 220
Yves Montand,Yves Montand,22 130
Yves Rénier,Yves Rénier,7 191
Zabou Breitman,Zabou Breitman,40 805
Zazie,Zazie,55 992
Zinedine Zidane,Zinédine Zidane,689 548
Zlatan Ibrahimovic,Zlatan Ibrahimović,120 489
Zsa Zsa Gabor,Zsa Zsa Gábor,1 623
Card 0,Formule de Grassmann,604
Card 1,Cardcaptor Sakura,6 868
Card 2,Saison 2 de House of Cards,1 410
Card 3,Saison 3 de House of Cards,1 658
Card 4,Saison 4 de House of Cards,2 141
Card 5,Saison 5 de House of Cards,3 146
Card 6,House of Cards (série télévisée, 2013),17 223
Card 7,House of Cards (série télévisée, 2013),17 223
Card 8,House of Cards (série télévisée, 2013),17 223
Card 9,House of Cards (série télévisée, 2013),17 223
Card 10,House of Cards (série télévisée, 2013),17 223
Card 11,USS Card (CVE-11),25
Card 12,House of Cards (série télévisée, 2013),17 223
Card 13,House of Cards (série télévisée, 2013),17 223
Card 14,House of Cards (série télévisée, 2013),17 223
Card 15,House of Cards (série télévisée, 2013),17 223
Card 16,House of Cards (série télévisée, 2013),17 223
Card 17,House of Cards (série télévisée, 2013),17 223
Card 18,House of Cards (série télévisée, 2013),17 223
Card 19,House of Cards (série télévisée, 2013),17 223
Card 20,House of Cards (série télévisée, 2013),17 223
Card 21,House of Cards (série télévisée, 2013),17 223
Card 22,House of Cards (série télévisée, 2013),17 223
Card 23,House of Cards (série télévisée, 2013),17 223
Card 24,Wild card (tennis),2 810
Card 25,Wild card (tennis),2 810
Card 26,Cardcaptor Sakura,6 868
Card 27,Cardcaptor Sakura,6 868
Card 28,Wild card (tennis),2 810
Card 29,House of Cards (série télévisée, 2013),17 223
Card 30,House of Cards (série télévisée, 2013),17 223
Card 31,House of Cards (série télévisée, 2013),17 223
Card 32,Personal Computer Memory Card International Association,221
Card 33,Personal Computer Memory Card International Association,221
Card 34,ExpressCard,384
Card 35,Cardcaptor Sakura,6 868
Card 36,Cardcaptor Sakura,6 868
Card 37,Cardcaptor Sakura,6 868
Card 38,The Turn of a Friendly Card,164
Card 39,Cardcaptor Sakura,6 868
Card 40,USS Card (CVE-11),25
Card 41,Cardcaptor Sakura,6 868
Card 42,VCard,2 116
Card 43,Cardcaptor Sakura,6 868
Card 44,Wisconsin card sorting test,363
Card 45,Cardcaptor Sakura,6 868
Card 46,Cardcaptor Sakura,6 868
Card 47,Card sharing,837
Card 48,Carte mémoire,1 975
Card 49,Robin Wright,14 550
Card 50,Cardcaptor Sakura,6 868
Card 51,Cardcaptor Sakura,6 868
Card 52,Jeu de cartes français,15 466
Card 53,Pokémon Trading Card Game,1 386
Card 54,ExpressCard,384
Card 55,House of Cards (série télévisée, 2013),17 223
Card 56,Pokémon Trading Card Game,1 386
Card 57,Wisconsin card sorting test,363
Card 58,Cardcaptor Sakura,6 868
Card 59,Cardcaptor Sakura,6 868
Card 60,Pokémon Trading Card Game,1 386
Card 61,Cardcaptor Sakura,6 868
Card 62,Cardcaptor Sakura,6 868
Card 63,Cardcaptor Sakura,6 868
Card 64,Carte mémoire,1 975
Card 65,Cardcaptor Sakura,6 868
Card 66,Cardcaptor Sakura,6 868
Card 67,Wisconsin card sorting test,363
Card 68,Cardcaptor Sakura,6 868
Card 69,Cardcaptor Sakura,6 868
Card 70,Cardcaptor Sakura,6 868
Card 71,Cardcaptor Sakura,6 868
Card 72,Charmed (série télévisée, 1998),9 791
Card 73,Cristiano Ronaldo,593 805
Card 74,Java Card,404
Card 75,ExpressCard,384
Card 76,House of Cards (série télévisée, 2013),17 223
Card 77,Cardeur,400
Card 78,Usain Bolt,62 845
Card 79,Card sharing,837
Card 80,House of Cards (série télévisée, 2013),17 223
Card 81,Usain Bolt,62 845
Card 82,Usain Bolt,62 845
Card 83,Liste des plus grands stades du monde,17 204
Card 84,House of Cards (série télévisée, 2013),17 223
Card 85,House of Cards (série télévisée, 2013),17 223
Card 86,Card sharing,837
Card 87,Usain Bolt,62 845
Card 88,Cristiano Ronaldo,593 805
Card 89,Wisconsin card sorting test,363
Card 90,Wisconsin card sorting test,363
Card 91,Flanelle,1 325
Card 92,Formule de Grassmann,604
Card 93,Cristiano Ronaldo,593 805
Card 94,Cristiano Ronaldo,593 805
Card 95,UCI World Tour 2018,8 891
Card 96,Espace Schengen,52 937
Card 97,Zinédine Zidane,689 548
Card 98,Roger Federer,301 660
Card 99,Liste des jeux vidéo Pokémon,6 800
Card 100,Usain Bolt,62 845
Card 101,Pokémon Trading Card Game,1 386
Card 102,Roger Zelazny,956
Card 103,Formule de Grassmann,604
Card 104,Liste des épisodes de House of Cards,627
Card 105,Rakuten,24 319
Card 106,Personal Computer Memory Card International Association,221
Card 107,PCI Express,5 311
Card 108,Liste des épisodes de House of Cards,627
Card 109,Open de Chine de snooker 2017,8
Card 110,Liste des plus grands stades du monde,17 204
Card 111,VCard,2 116
Card 112,Oberthur Technologies,785
Card 113,Carte mémoire,1 975
Card 114,La Stratégie Ender (film),1 913
Card 115,Yu-Gi-Oh! R,774
Card 116,Roger Federer,301 660
Card 117,Cardinalité (mathématiques),1 553
Card 118,Carte mémoire,1 975
Card 119,Dégradation logicielle,48
Card 120,Liste des plus hauts immeubles de Los Angeles,380
Card 121,Carte mémoire,1 975
Card 122,Open de Chine de snooker 2017,8
Card 123,Espace Schengen,52 937
Card 124,Championnat international de snooker 2016,6
Card 125,Netflix,61 942
Card 126,Personal Computer Memory Card International Association,221
Card 127,Kate Mara,10 831
Card 128,Carte mémoire,1 975
Card 129,Open de Chine de snooker 2017,8
Card 130,David Card,58
Card 131,Liste des plus grands stades du monde,17 204
Card 132,Rafael Nadal,632 418
Card 133,YesCard,2 584
Card 134,Championnat international de snooker 2016,6
Card 135,Roger Federer,301 660
Card 136,Championnat international de snooker 2016,6
Card 137,Carte mémoire,1 975
Card 138,Open de Chine de snooker 2017,8
Card 139,Wuxi Classic 2013,0
Card 140,Carte de résident permanent aux États-Unis,4 802
Card 141,David Card,58
Card 142,Roger Zelazny,956
Card 143,Carte mémoire,1 975
Card 144,Carte mémoire,1 975
Card 145,Wisconsin card sorting test,363
Card 146,Liste des plus grands stades du monde,17 204
Card 147,Java Card,404
Card 148,Léonard de Vinci,77 752
Card 149,Liste des plus grands stades du monde,17 204
Card 150,Carte SD,8 656
Card 151,Roger Zelazny,956
Card 152,Cristiano Ronaldo,593 805
Card 153,Cristiano Ronaldo,593 805
Card 154,Gérard Depardieu,40 650
Card 155,Rafael Nadal,632 418
Card 156,Léonard de Vinci,77 752
Card 157,Roger Zelazny,956
Card 158,EXO (groupe),183 839
Card 159,Roger Federer,301 660
Card 160,YesCard,2 584
Card 161,Saison 2006 de la NFL,26
Card 162,Java Card,404
Card 163,YesCard,2 584
Card 164,Kate Mara,10 831
Card 165,Donald Trump,125 082
Card 166,Foie cardiaque,1 583
Card 167,Carte mémoire,1 975
Card 168,Liste des plus grands stades du monde,17 204
Card 169,Roger Zelazny,956
Card 170,Cardes à la provençale,65
Card 171,Roger Zelazny,956
Card 172,Marseille,52 511
Card 173,Juste comme ça (intégral),148
Card 174,Guerre du Viêt Nam,56 865
Card 175,Vol 175 United Airlines,1 197
Card 176,Oberthur Technologies,785
Card 177,Léonard de Vinci,77 752
Card 178,Simple messieurs de l'US Open de tennis 2010,448
Card 179,Roger Federer,301 660
Card 180,Desperate Housewives,40 720
Card 181,Card sharing,837
Card 182,Oberthur Technologies,785
Card 183,Attentats du 11 septembre 2001,42 995
Card 184,Impulsion électromagnétique nucléaire,500
Card 185,Orson Scott Card,1 291
Card 186,Liste des plus grands stades du monde,17 204
Card 187,Dégradation logicielle,48
Card 188,Une guerre de dons,272
Card 189,Dégradation logicielle,48
Card 190,Rafael Nadal,632 418
Card 191,Agatha Christie,20 688
Card 192,Dégradation logicielle,48
Card 193,Théorème d'Erdős-Kaplansky,59
Card 194,Zinédine Zidane,689 548
Card 195,Roger Zelazny,956
Card 196,Carte mémoire,1 975
Card 197,Dégradation logicielle,48
Card 198,Records du tennis,34 062
Card 199,Zinédine Zidane,689 548
